;full_name;Tm;minutes;cluster_c;cluster_def;age;FGA_moy;TOV_moy;PF_moy;Prod_mean_opp;POS;GS;code
0;Aaron Gordon;den;30.657894736842106;2.0;2.0;26.0;10.578947368421053;1.763157894736842;1.868421052631579;0.3653909489308398;PF;1;PFden1
1;Aaron Gordon;den;30.657894736842106;2.0;2.0;26.0;10.578947368421053;1.763157894736842;1.868421052631579;0.3653909489308398;PF;1;PFden1
2;Aaron Holiday;pho;16.405405405405407;2.0;4.0;25.0;5.513513513513513;1.0;1.3783783783783783;0.29672747486231904;PG;0;PGpho0
3;Aaron Holiday;pho;16.405405405405407;2.0;4.0;25.0;5.513513513513513;1.0;1.3783783783783783;0.29672747486231904;PG;0;PGpho0
4;Aaron Nesmith;bos;10.030303030303031;3.0;0.0;22.0;3.393939393939394;0.6666666666666666;1.3333333333333333;-0.01829145400465004;SF;0;SFbos0
5;Aaron Wiggins;okc;22.0;2.0;1.0;22.482758620689655;5.793103448275862;0.8620689655172413;1.8275862068965518;0.18308022617685185;SG;0;SGokc0
6;Aaron Wiggins;okc;22.0;2.0;1.0;22.482758620689655;5.793103448275862;0.8620689655172413;1.8275862068965518;0.18308022617685185;SG;0;SGokc0
7;Abdel Nader;;10.0;;0.0;28.0;2.5;0.9;1.8;-0.029654927238960856;;0;nannan0
8;Al Horford;bos;28.729166666666668;3.0;4.0;35.0;8.458333333333334;0.9791666666666666;1.9791666666666667;0.4369394926772006;C;1;Cbos1
9;Alec Burks;ny;26.526315789473685;2.0;;30.0;8.631578947368421;1.0175438596491229;2.508771929824561;0.28094768077424387;SG;0;SGny0
10;Aleksej Pokusevski;okc;19.25;2.0;2.0;19.428571428571427;7.464285714285714;1.1785714285714286;1.2142857142857142;0.2510669088769915;C;0;Cokc0
11;Alex Caruso;chi;27.333333333333332;2.0;0.0;27.0;6.481481481481482;1.4074074074074074;2.4444444444444446;0.3273513762756532;SG;0;SGchi0
12;Alex Len;sac;15.620689655172415;1.0;4.0;28.0;4.517241379310345;1.0344827586206897;2.7586206896551726;0.30699596351496256;C;0;Csac0
13;Alize Johnson;no;9.5;3.0;0.0;25.0;3.25;0.5;0.5;0.23119744012601154;F;0;Fno0
14;Alperen Sengun;hou;18.976190476190474;1.0;2.0;19.0;7.071428571428571;2.0238095238095237;3.0714285714285716;0.3868369527021488;C;0;Chou0
15;Amir Coffey;lac;23.622222222222224;2.0;4.0;24.0;7.066666666666666;0.6888888888888889;1.3333333333333333;0.2194700506514167;SG;0;SGlac0
16;Andre Drummond;bkn;18.5;2.0;2.0;28.0;5.173913043478261;1.7173913043478262;2.630434782608696;0.6342217656236712;C;0;Cbkn0
17;Andre Iguodala;gs;16.75;3.0;0.0;37.0;4.25;0.25;0.0;0.37358633464127855;F;0;Fgs0
18;Andrew Wiggins;gs;30.80952380952381;3.0;3.0;26.095238095238095;14.214285714285714;1.4761904761904763;2.1904761904761907;0.3295684936858461;SF;1;SFgs1
19;Andrew Wiggins;gs;30.80952380952381;3.0;3.0;26.095238095238095;14.214285714285714;1.4761904761904763;2.1904761904761907;0.3295684936858461;SF;1;SFgs1
20;Anfernee Simons;por;29.288888888888888;2.0;2.0;22.0;14.333333333333334;1.9555555555555555;1.8444444444444446;0.2468565183051864;SG;0;SGpor0
21;Anthony Davis;lal;34.51851851851852;1.0;1.0;28.0;17.22222222222222;1.8518518518518519;2.4814814814814814;0.6658956100659057;PF;1;PFlal1
22;Anthony Edwards;min;33.925;2.0;4.0;20.0;17.775;2.475;2.45;0.2959348637215273;SF;1;SFmin1
23;Anthony Gill;wsh;8.68421052631579;1.0;0.0;29.0;2.0526315789473686;0.3157894736842105;1.4210526315789473;0.5187402412402412;PF;0;PFwsh0
24;Anthony Lamb;;3.0;;;23.0;1.0;0.0;0.0;-0.16666666666666666;;0;nannan0
25;Armoni Brooks;tor;16.153846153846153;2.0;2.0;23.0;6.0256410256410255;0.46153846153846156;1.4615384615384615;-0.012416888551753933;SG;0;SGtor0
26;Austin Reaves;lal;21.9;1.0;2.0;23.0;4.7;0.575;1.575;0.1880628399875659;SG;0;SGlal0
27;Austin Rivers;den;21.047619047619047;2.0;2.0;29.0;5.5;0.8095238095238095;1.5952380952380953;0.030523683111338677;SG;0;SGden0
28;Avery Bradley;lal;22.394736842105264;1.0;3.0;30.657894736842106;5.684210526315789;0.631578947368421;1.894736842105263;0.0972090765232778;PG;0;PGlal0
29;Ayo Dosunmu;chi;25.06382978723404;2.0;2.0;21.404255319148938;6.425531914893617;1.3191489361702127;2.297872340425532;0.25338996487083193;SG;0;SGchi0
30;Bam Adebayo;mia;32.542857142857144;3.0;2.0;24.0;13.285714285714286;2.742857142857143;3.142857142857143;0.6671233123383071;C;1;Cmia1
31;Ben McLemore;por;18.023809523809526;2.0;2.0;28.214285714285715;7.428571428571429;0.8333333333333334;1.4047619047619047;-0.049050953465048105;SG;0;SGpor0
32;Blake Griffin;bkn;16.914285714285715;2.0;4.0;32.0;5.914285714285715;0.5142857142857142;1.6571428571428573;0.2803217342688498;PF;0;PFbkn0
33;Boban Marjanovic;dal;5.461538461538462;3.0;0.0;33.0;3.3846153846153846;0.38461538461538464;1.0769230769230769;0.30375816993464044;C;0;Cdal0
34;Bobby Portis;mil;28.425531914893618;2.0;2.0;26.25531914893617;12.48936170212766;1.3404255319148937;2.425531914893617;0.4723165311393022;C;0;Cmil0
35;Bogdan Bogdanovic;atl;28.09090909090909;2.0;3.0;29.0;11.303030303030303;1.121212121212121;1.878787878787879;0.2604038497492391;SG;0;SGatl0
36;Bojan Bogdanovic;utah;28.973684210526315;3.0;4.0;29.0;12.157894736842104;1.1578947368421053;2.236842105263158;0.26040384974923897;SF;0;SFutah0
37;Bol Bol;orl;6.1;2.0;0.0;21.6;2.1;0.1;0.4;0.45542671614100183;C;0;Corl0
38;Bradley Beal;wsh;35.41935483870968;1.0;;28.0;19.193548387096776;3.5806451612903225;2.2580645161290325;0.4148654279935967;SG;1;SGwsh1
39;Brandon Boston;lac;14.868421052631579;2.0;4.0;19.894736842105264;6.842105263157895;0.7105263157894737;1.0;0.15619572319288896;SG;0;SGlac0
40;Brandon Clarke;mem;19.11111111111111;2.0;0.0;25.0;7.083333333333333;0.4444444444444444;1.8888888888888888;0.6555067856076561;PF;0;PFmem0
41;Brandon Goodwin;cle;18.916666666666668;3.0;4.0;26.0;6.833333333333333;1.25;1.8333333333333333;0.296336096915141;G;0;Gcle0
42;Brandon Ingram;no;34.05263157894737;3.0;4.0;24.0;18.31578947368421;2.736842105263158;2.236842105263158;0.48272313505047404;SF;1;SFno1
43;Brodric Thomas;bos;2.5;3.0;0.0;24.5;1.0;0.0;0.5;-0.20032051282051286;G;0;Gbos0
44;Bruce Brown;bkn;22.355555555555554;2.0;2.0;25.0;6.444444444444445;0.6888888888888889;2.3777777777777778;0.3482664360000315;SF;0;SFbkn0
45;Bruce Brown;bkn;22.355555555555554;2.0;2.0;25.0;6.444444444444445;0.6888888888888889;2.3777777777777778;0.3482664360000315;SF;0;SFbkn0
46;Bruno Fernando;hou;3.0;1.0;0.0;23.0;1.5;0.5;0.5;0.5089560198255851;F;0;Fhou0
47;Bryn Forbes;den;17.0625;2.0;0.0;28.0;7.75;0.6458333333333334;1.25;0.09212306575982689;SG;0;SGden0
48;Buddy Hield;ind;30.145454545454545;1.0;2.0;28.563636363636363;13.763636363636364;1.6363636363636365;2.2181818181818183;0.16260299665097183;SG;0;SGind0
49;CJ Elleby;por;16.857142857142858;2.0;0.0;21.0;4.457142857142857;0.8285714285714286;1.8285714285714285;0.25303743985429183;SG;0;SGpor0
50;CJ McCollum;no;34.72222222222222;3.0;3.0;30.0;18.694444444444443;1.9722222222222223;1.8055555555555556;0.38331925401357314;SG;1;SGno1
51;Cade Cunningham;det;31.794871794871796;2.0;;20.0;16.025641025641026;3.358974358974359;3.2051282051282053;0.26175692765281505;PG;1;PGdet1
52;Cam Reddish;ny;21.483870967741936;2.0;2.0;22.0;9.419354838709678;1.2258064516129032;1.3548387096774193;0.18721963543874323;SF;0;SFny0
53;Cameron Johnson;pho;25.095238095238095;2.0;2.0;25.023809523809526;8.619047619047619;0.5714285714285714;1.6428571428571428;0.3248316025268209;SF;0;SFpho0
54;Cameron Payne;pho;22.0;2.0;2.0;27.0;10.962962962962964;1.8888888888888888;1.962962962962963;0.287897920136218;PG;0;PGpho0
55;Caris LeVert;cle;30.62162162162162;3.0;4.0;27.0;15.594594594594595;1.945945945945946;2.2972972972972974;0.3363548482625429;SG;0;SGcle0
56;Carmelo Anthony;lal;26.897435897435898;1.0;0.0;37.0;10.846153846153847;0.9487179487179487;2.3076923076923075;0.2792860177217324;PF;0;PFlal0
57;Cassius Stanley;det;18.25;2.0;1.0;22.0;5.375;0.75;2.125;0.20087398109413931;G;0;Gdet0
58;Cassius Winston;wsh;4.75;1.0;2.0;23.0;1.25;0.25;1.75;-0.026666666666666658;PG;0;PGwsh0
59;Cedi Osman;cle;24.05263157894737;3.0;0.0;26.0;9.81578947368421;1.1842105263157894;2.0789473684210527;0.12489533076178914;SF;0;SFcle0
60;Chandler Hutchison;;5.333333333333333;;0.0;25.0;0.6666666666666666;1.0;0.3333333333333333;0.4333333333333334;;0;nannan0
61;Charles Bassey;phi;8.133333333333333;2.0;0.0;20.866666666666667;2.6666666666666665;0.3333333333333333;1.4666666666666666;0.6329336186315591;C;0;Cphi0
62;Charlie Brown;phi;1.0;2.0;0.0;24.0;1.0;0.0;1.0;-0.20613907618383326;G;0;Gphi0
63;Charlie Brown;phi;1.0;2.0;0.0;24.0;1.0;0.0;1.0;-0.20613907618383326;G;0;Gphi0
64;Chimezie Metu;sac;21.275862068965516;1.0;2.0;24.0;7.379310344827586;1.103448275862069;1.3103448275862069;0.34376366733955765;PF;0;PFsac0
65;Chris Boucher;tor;18.871794871794872;2.0;2.0;28.41025641025641;6.538461538461538;0.6153846153846154;2.051282051282051;0.3538416133398435;PF;0;PFtor0
66;Chris Chiozza;gs;12.5;3.0;1.0;26.0;4.5;1.0;1.0;0.09698672622734487;G;0;Ggs0
67;Chris Duarte;ind;28.933333333333334;1.0;4.0;24.0;11.71111111111111;1.7555555555555555;1.711111111111111;0.25246092271518344;SG;0;SGind0
68;Chris Paul;pho;32.22222222222222;2.0;3.0;36.0;11.71111111111111;2.2888888888888888;2.1333333333333333;0.5936224655887907;PG;1;PGpho1
69;Christian Wood;hou;30.82;1.0;1.0;26.0;13.0;1.86;2.52;0.48824928229529646;C;0;Chou0
70;Chuma Okeke;orl;24.08823529411765;2.0;2.0;23.0;8.117647058823529;0.9411764705882353;1.3529411764705883;0.2414173752736215;PF;0;PForl0
71;Clint Capela;atl;27.58823529411765;2.0;4.0;27.0;7.9411764705882355;0.6274509803921569;2.235294117647059;0.683165793572201;C;0;Catl0
72;Coby White;chi;28.08823529411765;2.0;4.0;21.176470588235293;10.823529411764707;1.3235294117647058;2.176470588235294;0.21166508822530064;PG;0;PGchi0
73;Cody Martin;cha;26.914285714285715;2.0;2.0;26.0;6.685714285714286;0.8285714285714286;2.0285714285714285;0.3026563983446047;SF;0;SFcha0
74;Cody Zeller;por;13.047619047619047;2.0;0.0;29.0;3.4761904761904763;0.6666666666666666;2.142857142857143;0.5221628199483378;C;0;Cpor0
75;Cole Anthony;orl;32.45945945945946;2.0;3.0;21.0;14.594594594594595;2.810810810810811;2.5675675675675675;0.3218895004401793;PG;1;PGorl1
76;Collin Sexton;cle;27.9;3.0;3.0;22.0;13.3;2.9;2.3;0.18419185957095727;PG;1;PGcle1
77;Corey Kispert;wsh;20.565217391304348;1.0;0.0;22.065217391304348;6.065217391304348;0.6521739130434783;1.2826086956521738;0.1803106814454163;SF;0;SFwsh0
78;Cory Joseph;det;25.125;2.0;4.0;30.0;6.1;1.25;2.45;0.2399569008479653;PG;0;PGdet0
79;DAngelo Russell;min;32.54054054054054;2.0;3.0;25.18918918918919;16.135135135135137;2.4864864864864864;2.108108108108108;0.33631371130866755;PG;1;PGmin1
80;DJ Augustin;lal;15.208333333333334;1.0;2.0;33.708333333333336;4.083333333333333;1.5;0.5;0.21961315787226712;G;0;Glal0
81;DJ Wilson;tor;19.5;2.0;1.0;25.5;6.0;1.0;1.5;0.8721833721833722;F;0;Ftor0
82;Daishen Nix;hou;8.555555555555555;1.0;2.0;19.22222222222222;2.7777777777777777;1.1111111111111112;0.7777777777777778;0.24221303948576672;SG;0;SGhou0
83;Dalano Banton;tor;11.710526315789474;2.0;2.0;21.842105263157894;3.5526315789473686;0.8421052631578947;1.105263157894737;0.20989739310509248;PG;0;PGtor0
84;Damian Lillard;por;35.61538461538461;2.0;3.0;31.0;18.884615384615383;2.9615384615384617;1.3846153846153846;0.3740238336577028;PG;1;PGpor1
85;Damion Lee;gs;19.282608695652176;3.0;2.0;28.97826086956522;6.0;0.6086956521739131;1.5869565217391304;0.21455882070979124;SG;0;SGgs0
86;Daniel Gafford;wsh;20.425531914893618;1.0;4.0;23.0;6.0;0.9787234042553191;2.5531914893617023;0.5913307759907881;C;0;Cwsh0
87;Daniel Oturu;;19.0;;2.0;22.0;4.0;0.0;0.0;0.9035087719298244;;0;nannan0
88;Daniel Theis;bos;20.2;3.0;0.0;29.0;6.166666666666667;1.1333333333333333;2.4;0.2632181753556723;C;0;Cbos0
89;Danilo Gallinari;atl;23.714285714285715;2.0;0.0;33.0;8.464285714285714;0.5714285714285714;1.6071428571428572;0.3182685968006071;PF;0;PFatl0
90;Danny Green;phi;20.81578947368421;2.0;4.0;34.0;4.815789473684211;0.7631578947368421;1.6842105263157894;0.13422350398181015;SF;0;SFphi0
91;Danny Green;phi;20.81578947368421;2.0;4.0;34.0;4.815789473684211;0.7631578947368421;1.6842105263157894;0.13422350398181015;SF;0;SFphi0
92;Danny Green;phi;20.81578947368421;2.0;4.0;34.0;4.815789473684211;0.7631578947368421;1.6842105263157894;0.13422350398181015;SF;0;SFphi0
93;Danuel House;utah;16.24;3.0;2.0;28.0;4.12;0.52;1.16;0.17033742573216248;SF;0;SFutah0
94;Darius Bazley;okc;27.17948717948718;2.0;4.0;21.0;9.025641025641026;1.3333333333333333;1.0256410256410255;0.30523697098468133;PF;0;PFokc0
95;Darius Garland;cle;34.0;3.0;3.0;21.232558139534884;16.325581395348838;3.9767441860465116;1.8604651162790697;0.436450492822027;PG;1;PGcle1
96;David Duke;bkn;8.5;2.0;1.0;22.0;2.0;0.5;1.0;0.30697892088593104;SF;0;SFbkn0
97;David Nwaba;hou;13.612903225806452;1.0;2.0;28.225806451612904;4.193548387096774;0.45161290322580644;1.1612903225806452;0.38667274935787427;SF;0;SFhou0
98;Davion Mitchell;sac;25.5;1.0;2.0;23.0;10.380952380952381;1.3095238095238095;2.0476190476190474;0.14859806714089857;PG;0;PGsac0
99;Davis Bertans;dal;14.757575757575758;3.0;0.0;28.87878787878788;5.393939393939394;0.36363636363636365;1.5151515151515151;-0.04638612928841558;SF;0;SFdal0
100;DayRon Sharpe;bkn;11.346153846153847;2.0;0.0;19.846153846153847;4.576923076923077;0.8076923076923077;2.0384615384615383;0.6278987402438362;C;0;Cbkn0
101;DeAaron Fox;sac;34.76190476190476;1.0;1.0;23.452380952380953;18.452380952380953;2.8095238095238093;3.0714285714285716;0.4104826520717668;PG;1;PGsac1
102;DeAndre Bembry;mil;17.65909090909091;2.0;2.0;27.0;3.772727272727273;0.5454545454545454;1.8409090909090908;0.24856541377896899;SG;0;SGmil0
103;DeAndre Hunter;atl;29.34375;2.0;3.0;23.71875;10.71875;1.4375;3.1875;0.1673913118153232;SF;1;SFatl1
104;DeAndre Jordan;phi;12.620689655172415;2.0;2.0;33.0;2.689655172413793;0.5517241379310345;1.6206896551724137;0.6224556620659335;C;0;Cphi0
105;DeAnthony Melton;mem;21.642857142857142;2.0;2.0;23.0;8.595238095238095;1.4523809523809523;1.7142857142857142;0.2911656968404835;SG;0;SGmem0
106;DeMar DeRozan;chi;35.46938775510204;2.0;3.0;32.0;20.26530612244898;2.3469387755102042;2.1020408163265305;0.6466439667623869;SF;1;SFchi1
107;DeMarcus Cousins;den;15.625;2.0;2.0;31.0;6.916666666666667;1.4166666666666667;2.8333333333333335;0.3516721490097392;C;0;Cden0
108;Dean Wade;cle;18.933333333333334;3.0;2.0;24.7;4.4;0.3333333333333333;1.9;0.20147840135735845;PF;0;PFcle0
109;Deandre Ayton;pho;29.21951219512195;2.0;4.0;23.0;11.682926829268293;1.5365853658536586;2.2439024390243905;0.7273802321119548;C;1;Cpho1
110;Dejounte Murray;sa;34.26190476190476;1.0;3.0;25.0;18.071428571428573;2.6904761904761907;2.0476190476190474;0.6697813816304902;PG;1;PGsa1
111;Delon Wright;atl;17.872340425531913;2.0;2.0;29.0;3.4680851063829787;0.6595744680851063;0.723404255319149;0.36006115971390823;SG;0;SGatl0
112;Deni Avdija;wsh;23.047619047619047;1.0;2.0;20.38095238095238;6.190476190476191;0.9761904761904762;2.4523809523809526;0.2856007134712814;SF;0;SFwsh0
113;Dennis Schroder;hou;29.897435897435898;1.0;4.0;28.0;11.692307692307692;2.3846153846153846;2.4871794871794872;0.2575620969339651;PG;0;PGhou0
114;Dennis Smith;por;18.652173913043477;2.0;4.0;23.73913043478261;5.695652173913044;1.4782608695652173;1.6956521739130435;0.3105720191780661;PG;0;PGpor0
115;Denzel Valentine;;8.588235294117647;;2.0;27.529411764705884;2.764705882352941;0.5294117647058824;1.0;0.198279272712165;;0;nannan0
116;Derrick Favors;okc;17.0;2.0;4.0;30.0;5.03125;0.25;1.65625;0.37822430848151234;C;0;Cokc0
117;Derrick Jones;chi;17.285714285714285;2.0;2.0;24.214285714285715;3.9642857142857144;0.5714285714285714;2.4642857142857144;0.2805567750285081;SF;0;SFchi0
118;Derrick Rose;ny;25.3125;2.0;2.0;33.0;11.4375;1.375;0.75;0.3910521959079515;PG;0;PGny0
119;Derrick White;bos;28.976744186046513;3.0;3.0;27.0;11.325581395348838;1.697674418604651;2.255813953488372;0.3424501246844916;PG;0;PGbos0
120;Desmond Bane;mem;29.13953488372093;2.0;3.0;23.0;14.720930232558139;1.5348837209302326;2.7209302325581395;0.3279363885420388;SG;1;SGmem1
121;Devin Booker;pho;33.70454545454545;2.0;3.0;24.977272727272727;20.454545454545453;2.4545454545454546;2.477272727272727;0.46139911277600026;SG;1;SGpho1
122;Devin Vassell;sa;26.122448979591837;1.0;3.0;21.0;10.63265306122449;0.6938775510204082;1.9795918367346939;0.2577257252108224;SG;0;SGsa0
123;Devon Dotson;;7.5;;2.0;22.0;1.8333333333333333;0.5;0.5;0.4151515151515151;;0;nannan0
124;Devontae Cacok;sa;10.0;1.0;0.0;25.0;2.6;0.4;1.6;1.5562064746847355;PF;0;PFsa0
125;Devonte Graham;no;27.5;3.0;1.0;26.5;9.5;2.5;1.0;0.16169682087554593;PG;0;PGno0
126;Dewayne Dedmon;mia;16.5;3.0;2.0;32.0;4.8;0.925;2.475;0.4797505541531065;C;0;Cmia0
127;Dillon Brooks;mem;29.11764705882353;2.0;4.0;25.0;17.11764705882353;2.0588235294117645;3.4705882352941178;0.2859163140977526;SF;0;SFmem0
128;Domantas Sabonis;sac;34.25806451612903;1.0;4.0;25.0;12.580645161290322;3.2580645161290325;3.5483870967741935;0.6690024556833977;PF;0;PFsac0
129;Donovan Mitchell;utah;32.97435897435897;3.0;3.0;25.0;19.974358974358974;2.8461538461538463;2.4358974358974357;0.4115085360223033;SG;1;SGutah1
130;Donte DiVincenzo;sac;20.823529411764707;1.0;2.0;24.470588235294116;6.9411764705882355;1.6470588235294117;1.4705882352941178;0.11385645898669422;SG;0;SGsac0
131;Dorian Finney-Smith;dal;32.8;3.0;4.0;28.0;8.9;1.15;2.575;0.2239240237204279;PF;1;PFdal1
132;Doug McDermott;sa;23.02857142857143;1.0;3.0;29.457142857142856;9.028571428571428;0.8;1.6571428571428573;0.20465178705360176;SF;1;SFsa1
133;Draymond Green;gs;29.45;3.0;3.0;31.0;5.95;3.4;2.65;0.5013025445815628;PF;1;PFgs1
134;Draymond Green;gs;29.45;3.0;3.0;31.0;5.95;3.4;2.65;0.5013025445815628;PF;1;PFgs1
135;Draymond Green;gs;29.45;3.0;3.0;31.0;5.95;3.4;2.65;0.5013025445815628;PF;1;PFgs1
136;Drew Eubanks;por;12.657894736842104;2.0;2.0;24.18421052631579;3.6578947368421053;0.868421052631579;1.394736842105263;0.5693364885159711;PF;0;PFpor0
137;Duncan Robinson;mia;25.423076923076923;3.0;3.0;27.0;9.307692307692308;0.8461538461538461;2.519230769230769;0.04434773731981063;SG;0;SGmia0
138;Duncan Robinson;mia;25.423076923076923;3.0;3.0;27.0;9.307692307692308;0.8461538461538461;2.519230769230769;0.04434773731981063;SG;0;SGmia0
139;Dwight Howard;lal;15.9375;1.0;2.0;35.5625;3.625;0.875;2.21875;0.5534765757485877;C;0;Clal0
140;Dwight Powell;dal;21.254901960784313;3.0;4.0;30.0;4.745098039215686;0.8235294117647058;2.588235294117647;0.3952559909020888;C;0;Cdal0
141;Dylan Windler;cle;8.666666666666666;3.0;0.0;25.0;2.1;0.4;1.0;0.11849027363733242;SG;0;SGcle0
142;Ed Davis;cle;7.0;3.0;0.0;32.0;0.5625;0.3125;1.4375;0.15566908254363995;C;0;Ccle0
143;Elfrid Payton;pho;11.956521739130435;2.0;2.0;27.08695652173913;3.739130434782609;1.2173913043478262;1.1304347826086956;0.275402514749717;PG;0;PGpho0
144;Elijah Hughes;por;11.0;2.0;0.0;23.0625;3.75;0.625;1.0;-0.1277908312447786;F;0;Fpor0
145;Enes Kanter;;11.76923076923077;;0.0;29.0;2.6538461538461537;0.6538461538461539;1.3076923076923077;0.4564343421088227;;0;nannan0
146;Eric Bledsoe;por;24.902439024390244;2.0;1.0;31.5609756097561;8.707317073170731;2.1707317073170733;1.4634146341463414;0.29671964428895287;SG;0;SGpor0
147;Eric Gordon;hou;29.976744186046513;1.0;4.0;32.395348837209305;10.511627906976743;2.13953488372093;1.2093023255813953;0.2548359627185193;SG;0;SGhou0
148;Eric Gordon;hou;29.976744186046513;1.0;4.0;32.395348837209305;10.511627906976743;2.13953488372093;1.2093023255813953;0.2548359627185193;SG;0;SGhou0
149;Eric Paschall;utah;11.571428571428571;3.0;0.0;24.857142857142858;3.2857142857142856;0.7142857142857143;0.5714285714285714;0.2677211978822545;PF;0;PFutah0
150;Evan Fournier;ny;29.09259259259259;2.0;3.0;28.90740740740741;12.222222222222221;1.3703703703703705;2.1481481481481484;0.11807352394404536;SG;1;SGny1
151;Evan Mobley;cle;33.592592592592595;3.0;4.0;20.0;12.037037037037036;1.9259259259259258;2.2037037037037037;0.4665085519471183;C;1;Ccle1
152;Facundo Campazzo;den;18.6046511627907;2.0;2.0;30.0;4.72093023255814;1.1162790697674418;1.8372093023255813;0.13830682514401976;PG;0;PGden0
153;Frank Jackson;det;22.964285714285715;2.0;2.0;23.0;10.214285714285714;0.8928571428571429;2.142857142857143;0.03974123054644231;PG;0;PGdet0
154;Frank Jackson;det;22.964285714285715;2.0;2.0;23.0;10.214285714285714;0.8928571428571429;2.142857142857143;0.03974123054644231;PG;0;PGdet0
155;Frank Jackson;det;22.964285714285715;2.0;2.0;23.0;10.214285714285714;0.8928571428571429;2.142857142857143;0.03974123054644231;PG;0;PGdet0
156;Frank Kaminsky;pho;23.333333333333332;2.0;0.0;28.0;9.0;0.6666666666666666;2.0;0.5847366454452696;PF;0;PFpho0
157;Franz Wagner;orl;30.980392156862745;2.0;3.0;20.0;12.823529411764707;1.5490196078431373;2.0;0.3538099393967049;SF;1;SForl1
158;Fred VanVleet;tor;37.733333333333334;2.0;3.0;27.08888888888889;17.066666666666666;2.6;2.577777777777778;0.35407524805414947;SG;1;SGtor1
159;Freddie Gillespie;orl;12.428571428571429;2.0;0.0;24.0;2.2857142857142856;0.42857142857142855;1.5714285714285714;0.2855921855921855;SF;0;SForl0
160;Furkan Korkmaz;phi;23.355555555555554;2.0;2.0;24.0;7.5777777777777775;0.8;0.9777777777777777;0.16806670016967584;SG;0;SGphi0
161;Gabe Vincent;mia;24.944444444444443;3.0;2.0;25.0;8.38888888888889;1.6111111111111112;2.4444444444444446;0.19077520914703336;PG;0;PGmia0
162;Gabriel Deck;;4.25;;;26.0;1.25;0.25;0.0;0.44251700680272105;;0;nannan0
163;Garrett Temple;no;20.05263157894737;3.0;2.0;35.0;5.473684210526316;0.7631578947368421;1.736842105263158;0.12782222863166923;SF;0;SFno0
164;Garrison Mathews;hou;26.976190476190474;1.0;3.0;25.0;7.9523809523809526;0.6666666666666666;2.738095238095238;0.1157937328185378;SG;0;SGhou0
165;Gary Clark;no;9.666666666666666;3.0;2.0;27.0;2.3333333333333335;0.05555555555555555;0.3333333333333333;0.2773546218642594;F;0;Fno0
166;Gary Harris;orl;28.545454545454547;2.0;3.0;27.0;9.477272727272727;1.0;1.8409090909090908;0.15387661495699237;SG;0;SGorl0
167;Gary Trent;tor;33.86666666666667;2.0;4.0;22.444444444444443;15.533333333333333;0.9555555555555556;2.022222222222222;0.19423684499244698;SG;1;SGtor1
168;George Hill;mil;27.0;2.0;0.0;35.0;5.0;0.0;0.0;0.2502220271350647;PG;0;PGmil0
169;Georges Niang;phi;19.5;2.0;0.0;28.0;6.125;0.375;2.25;0.12861557589766626;SF;0;SFphi0
170;Giannis Antetokounmpo;mil;32.3235294117647;2.0;4.0;26.61764705882353;18.11764705882353;3.235294117647059;3.235294117647059;0.8982262298909126;PF;1;PFmil1
171;Goga Bitadze;ind;13.5625;1.0;2.0;22.0;5.09375;0.9375;2.0625;0.23063559337462625;C;0;Cind0
172;Goran Dragic;bkn;18.666666666666668;2.0;0.0;35.0;7.0;0.7777777777777778;2.2222222222222223;0.2207087665420999;PG;0;PGbkn0
173;Gordon Hayward;cha;31.205128205128204;2.0;4.0;31.0;12.41025641025641;1.5897435897435896;1.6923076923076923;0.3656353854913999;SF;1;SFcha1
174;Gorgui Dieng;atl;9.68;2.0;0.0;31.16;3.0;0.48;1.8;0.4776491563991563;C;0;Catl0
175;Grant Williams;bos;23.75;3.0;0.0;22.675;5.675;0.675;2.375;0.20271656288317613;PF;0;PFbos0
176;Grayson Allen;mil;27.479166666666668;2.0;3.0;26.0;9.020833333333334;0.5833333333333334;1.4791666666666667;0.21107735109909354;SG;1;SGmil1
177;Greg BrownI;por;9.956521739130435;2.0;2.0;20.0;3.5217391304347827;0.43478260869565216;1.5217391304347827;0.1945167441100456;PF;0;PFpor0
178;Hamidou Diallo;det;21.42222222222222;2.0;4.0;23.0;8.933333333333334;0.9555555555555556;2.466666666666667;0.39128501300405943;SG;0;SGdet0
179;Harrison Barnes;sac;33.0;1.0;3.0;29.0;10.659574468085106;1.553191489361702;1.3829787234042554;0.4088905667212653;SF;1;SFsac1
180;Harrison Barnes;sac;33.0;1.0;3.0;29.0;10.659574468085106;1.553191489361702;1.3829787234042554;0.4088905667212653;SF;1;SFsac1
181;Hassan Whiteside;utah;17.25;3.0;0.0;32.0;5.325;0.875;2.975;0.6469010048420863;C;0;Cutah0
182;Herbert Jones;no;28.88888888888889;3.0;4.0;23.0;7.044444444444444;1.288888888888889;3.1555555555555554;0.26751572536539264;SF;0;SFno0
183;Ignas Brazdeikis;orl;9.80952380952381;2.0;0.0;22.476190476190474;3.2857142857142856;0.23809523809523808;0.9523809523809523;0.12764034965223425;SF;0;SForl0
184;Immanuel Quickley;ny;21.09259259259259;2.0;2.0;22.0;8.592592592592593;1.3518518518518519;2.185185185185185;0.14308364237023688;SG;0;SGny0
185;Isaac Bonga;tor;3.0;2.0;0.0;22.0;0.0;0.0;1.0;0.13739593739593742;G;0;Gtor0
186;Isaac Okoro;cle;28.30952380952381;3.0;3.0;20.404761904761905;6.523809523809524;1.0238095238095237;2.6666666666666665;0.18133379617082035;SF;0;SFcle0
187;Isaiah Hartenstein;lac;16.27777777777778;2.0;0.0;23.0;5.111111111111111;1.25;2.8333333333333335;0.5793550767363471;C;0;Clac0
188;Isaiah Jackson;ind;12.733333333333333;1.0;2.0;19.666666666666668;4.933333333333334;1.0;2.0;0.5077799772244217;F;0;Find0
189;Isaiah Jackson;ind;12.733333333333333;1.0;2.0;19.666666666666668;4.933333333333334;1.0;2.0;0.5077799772244217;F;0;Find0
190;Isaiah Jackson;ind;12.733333333333333;1.0;2.0;19.666666666666668;4.933333333333334;1.0;2.0;0.5077799772244217;F;0;Find0
191;Isaiah Joe;phi;11.617647058823529;2.0;2.0;22.0;3.5294117647058822;0.38235294117647056;0.9411764705882353;-0.006974837388307142;SG;0;SGphi0
192;Isaiah Roby;okc;20.136363636363637;2.0;2.0;23.363636363636363;7.363636363636363;0.9090909090909091;2.272727272727273;0.35696481360274473;PF;0;PFokc0
193;Isaiah Stewart;det;25.02;2.0;4.0;20.0;7.02;1.26;2.94;0.410951325558301;C;1;Cdet1
194;Isaiah Todd;wsh;2.75;1.0;0.0;20.0;1.5;0.25;0.25;0.4116666666666666;PF;0;PFwsh0
195;Ish Smith;wsh;16.076923076923077;1.0;2.0;33.0;6.384615384615385;1.3846153846153846;1.3461538461538463;0.31317185085604016;PG;0;PGwsh0
196;Ish Wainright;pho;6.863636363636363;2.0;0.0;27.0;1.9090909090909092;0.22727272727272727;1.1363636363636365;-0.13668284577375497;F;0;Fpho0
197;Ivica Zubac;lac;23.79310344827586;2.0;4.0;24.0;6.293103448275862;1.603448275862069;2.5689655172413794;0.5637064852062634;C;1;Clac1
198;JT Thor;cha;8.294117647058824;2.0;2.0;19.0;2.0;0.23529411764705882;0.9411764705882353;0.2983874821777635;PF;0;PFcha0
199;Ja Morant;mem;32.476190476190474;2.0;3.0;22.0;20.785714285714285;3.5952380952380953;1.4285714285714286;0.6614829658615246;PG;1;PGmem1
200;JaMychal Green;den;16.303030303030305;2.0;2.0;31.0;5.212121212121212;0.9393939393939394;2.3636363636363638;0.3007562798190436;PF;0;PFden0
201;JaMychal Green;den;16.303030303030305;2.0;2.0;31.0;5.212121212121212;0.9393939393939394;2.3636363636363638;0.3007562798190436;PF;0;PFden0
202;JaMychal Green;den;16.303030303030305;2.0;2.0;31.0;5.212121212121212;0.9393939393939394;2.3636363636363638;0.3007562798190436;PF;0;PFden0
203;JaVale McGee;pho;16.317073170731707;2.0;2.0;33.390243902439025;7.048780487804878;1.3170731707317074;2.6341463414634148;0.7424783281902763;C;0;Cpho0
204;Jabari Parker;;9.0;;0.0;26.0;3.0;0.2;0.8;0.35508578431372545;;0;nannan0
205;Jaden McDaniels;min;16.217391304347824;2.0;0.0;23.043478260869566;5.173913043478261;0.782608695652174;1.5217391304347827;0.193578614666139;PF;0;PFmin0
206;Jae Crowder;pho;28.88235294117647;2.0;4.0;31.0;8.823529411764707;0.9411764705882353;2.411764705882353;0.23700646331786834;PF;1;PFpho1
207;JaeSean Tate;hou;27.254901960784313;1.0;3.0;25.92156862745098;9.333333333333334;1.9215686274509804;3.7254901960784315;0.3306866437364157;SF;1;SFhou1
208;Jahmius Ramsey;;7.5625;;2.0;20.0;3.5;0.3125;0.625;0.2766687016687017;;0;nannan0
209;Jake Layman;min;5.222222222222222;2.0;2.0;27.055555555555557;1.8333333333333333;0.2777777777777778;0.2777777777777778;0.04971915497277814;SF;0;SFmin0
210;Jakob Poeltl;sa;29.040816326530614;1.0;4.0;26.0;9.918367346938776;1.7346938775510203;3.183673469387755;0.6252441978777208;C;1;Csa1
211;Jalen Brunson;dal;32.354166666666664;3.0;4.0;25.0;13.5;1.875;2.0625;0.42829461700598553;PG;0;PGdal0
212;Jalen Green;hou;15.380952380952381;1.0;2.0;31.0;5.166666666666667;1.0;2.357142857142857;0.30075627981904374;SG;0;SGhou0
213;Jalen Green;hou;15.380952380952381;1.0;2.0;31.0;5.166666666666667;1.0;2.357142857142857;0.30075627981904374;SG;0;SGhou0
214;Jalen Green;hou;15.380952380952381;1.0;2.0;31.0;5.166666666666667;1.0;2.357142857142857;0.30075627981904374;SG;0;SGhou0
215;Jalen Johnson;atl;18.91176470588235;2.0;2.0;34.1764705882353;5.176470588235294;0.6470588235294118;2.588235294117647;0.23071905578670537;SF;0;SFatl0
216;Jalen McDaniels;cha;16.217391304347824;2.0;;23.043478260869566;5.173913043478261;0.782608695652174;1.5217391304347827;0.193578614666139;PF;0;PFcha0
217;Jalen Suggs;orl;26.823529411764707;2.0;3.0;20.0;11.617647058823529;2.9411764705882355;3.088235294117647;0.11383326001247462;SG;0;SGorl0
218;James Bouknight;cha;11.391304347826088;2.0;2.0;21.0;5.304347826086956;0.4782608695652174;1.2173913043478262;0.07792927641897894;SG;0;SGcha0
219;James EnnisI;;9.0;;2.0;31.0;4.25;0.25;1.0;0.6101190476190477;;0;nannan0
220;James Harden;phi;36.17948717948718;2.0;3.0;32.0;16.28205128205128;4.564102564102564;2.5128205128205128;0.5677236048923539;SG;1;SGphi1
221;James Johnson;bkn;19.5;2.0;4.0;34.13157894736842;5.552631578947368;0.8421052631578947;2.5;0.2307190557867054;PF;0;PFbkn0
222;Jaren Jackson;mem;27.341463414634145;2.0;4.0;22.0;13.658536585365853;1.6341463414634145;3.682926829268293;0.3252467728447019;PF;1;PFmem1
223;Jaren Jackson;mem;27.341463414634145;2.0;4.0;22.0;13.658536585365853;1.6341463414634145;3.682926829268293;0.3252467728447019;PF;1;PFmem1
224;Jaren Jackson;mem;27.341463414634145;2.0;4.0;22.0;13.658536585365853;1.6341463414634145;3.682926829268293;0.3252467728447019;PF;1;PFmem1
225;Jarred Vanderbilt;min;25.585365853658537;2.0;4.0;22.0;4.926829268292683;1.0;2.7560975609756095;0.49662852640576827;PF;0;PFmin0
226;Jarrett Allen;cle;31.686274509803923;3.0;4.0;23.0;9.72549019607843;1.588235294117647;1.803921568627451;0.7096977041337288;C;1;Ccle1
227;Jarrett Culver;mem;18.0;2.0;0.0;22.5;7.0;0.5;3.0;0.27063554261830114;G;0;Gmem0
228;Javonte Green;chi;15.526315789473685;2.0;2.0;31.0;5.026315789473684;0.9473684210526315;2.1842105263157894;0.30075627981904374;SF;0;SFchi0
229;Javonte Green;chi;15.526315789473685;2.0;2.0;31.0;5.026315789473684;0.9473684210526315;2.1842105263157894;0.30075627981904374;SF;0;SFchi0
230;Javonte Green;chi;15.526315789473685;2.0;2.0;31.0;5.026315789473684;0.9473684210526315;2.1842105263157894;0.30075627981904374;SF;0;SFchi0
231;Javonte Smart;mia;10.0;3.0;0.0;22.0;3.5;1.0;1.0;-0.06323557394985968;G;0;Gmia0
232;Jaxson Hayes;no;17.463414634146343;3.0;0.0;21.0;5.170731707317073;0.7073170731707317;2.4146341463414633;0.432673137952449;C;0;Cno0
233;Jay Scrubb;lac;6.266666666666667;2.0;0.0;21.0;2.6666666666666665;0.3333333333333333;0.5333333333333333;0.010692239858906513;SG;0;SGlac0
234;Jaylen Brown;bos;33.02127659574468;3.0;3.0;24.95744680851064;18.106382978723403;2.872340425531915;2.425531914893617;0.38536586850370086;SG;1;SGbos1
235;Jaylen Brown;bos;33.02127659574468;3.0;3.0;24.95744680851064;18.106382978723403;2.872340425531915;2.425531914893617;0.38536586850370086;SG;1;SGbos1
236;Jaylen Hoard;;1.0;;;22.0;1.0;0.0;0.0;1.0;;0;nannan0
237;Jaylen Nowell;min;14.307692307692308;2.0;2.0;22.0;6.256410256410256;0.48717948717948717;1.1794871794871795;0.3972557909678168;SG;0;SGmin0
238;Jayson Tatum;bos;35.8;3.0;4.0;23.04;21.12;2.72;2.34;0.48967420948718404;SF;1;SFbos1
239;Jeff Green;den;24.636363636363637;2.0;1.0;35.0;7.454545454545454;0.9696969696969697;1.9393939393939394;0.259519226127656;PF;0;PFden0
240;Jeff Green;den;24.636363636363637;2.0;1.0;35.0;7.454545454545454;0.9696969696969697;1.9393939393939394;0.259519226127656;PF;0;PFden0
241;Jeff Green;den;24.636363636363637;2.0;1.0;35.0;7.454545454545454;0.9696969696969697;1.9393939393939394;0.259519226127656;PF;0;PFden0
242;Jerami Grant;det;31.88888888888889;2.0;3.0;27.0;14.75;1.8055555555555556;2.3333333333333335;0.3083165899601213;SF;1;SFdet1
243;Jeremy Lamb;sac;15.942857142857143;1.0;2.0;29.0;6.285714285714286;0.5714285714285714;0.9428571428571428;0.2301271563457537;SG;0;SGsac0
244;Jericho Sims;ny;8.722222222222221;2.0;0.0;23.0;0.8333333333333334;0.3333333333333333;1.5555555555555556;0.293478544846966;PF;0;PFny0
245;Jevon Carter;mil;11.212121212121213;2.0;2.0;26.0;3.757575757575758;0.5151515151515151;0.9090909090909091;0.10477499425754021;PG;0;PGmil0
246;Jimmy Butler;mia;33.05263157894737;3.0;3.0;32.0;14.763157894736842;2.1052631578947367;1.394736842105263;0.6449324719276103;SF;1;SFmia1
247;Jock Landale;sa;10.433333333333334;1.0;0.0;25.966666666666665;4.233333333333333;0.5666666666666667;1.1;0.37568961645719184;C;0;Csa0
248;Joe Harris;bkn;29.714285714285715;2.0;4.0;30.0;8.857142857142858;1.1428571428571428;2.2142857142857144;0.18164872190607492;SF;1;SFbkn1
249;Joe Ingles;por;24.694444444444443;2.0;2.0;34.0;6.361111111111111;1.0;1.9722222222222223;0.15234907006971724;SG;0;SGpor0
250;Joe Wieskamp;sa;5.0;1.0;0.0;22.0;1.6363636363636365;0.0;0.45454545454545453;0.0926919571656414;SF;0;SFsa0
251;Joel Embiid;phi;32.723404255319146;2.0;4.0;27.0;19.148936170212767;3.021276595744681;2.723404255319149;0.8506253811933605;C;1;Cphi1
252;John Collins;atl;30.53846153846154;2.0;3.0;24.0;11.948717948717949;1.1282051282051282;3.0256410256410255;0.48410806324187805;PF;0;PFatl0
253;John Konchar;mem;17.363636363636363;2.0;2.0;25.0;3.340909090909091;0.4090909090909091;1.4318181818181819;0.3388766198027305;SG;0;SGmem0
254;Jonas Valanciunas;no;30.24561403508772;3.0;4.0;29.0;12.789473684210526;2.456140350877193;3.245614035087719;0.6085081966509474;C;1;Cno1
255;Jonathan Kuminga;gs;17.161290322580644;3.0;2.0;19.0;7.419354838709677;1.2258064516129032;2.129032258064516;0.2392328978660354;PF;0;PFgs0
256;Jordan Clarkson;utah;25.710526315789473;3.0;2.0;29.0;14.052631578947368;1.5;2.026315789473684;0.1895887624580315;PG;0;PGutah0
257;Jordan McLaughlin;min;12.96875;2.0;2.0;25.0;2.6875;0.5625;0.5;0.2920138553789277;PG;0;PGmin0
258;Jordan Nwora;mil;17.864864864864863;2.0;2.0;23.0;7.216216216216216;0.8648648648648649;1.2702702702702702;0.15538445118699926;SF;0;SFmil0
259;Jordan Poole;gs;28.416666666666668;3.0;4.0;22.0;12.395833333333334;2.5;2.6666666666666665;0.2770888620882454;SG;0;SGgs0
260;Jose Alvarado;no;12.96;3.0;0.0;23.0;4.64;0.56;1.32;0.20810431640986532;PG;0;PGno0
261;Josh Christopher;hou;16.15686274509804;1.0;2.0;19.705882352941178;6.098039215686274;1.392156862745098;1.0980392156862746;0.21532841532035346;SG;0;SGhou0
262;Josh Giddey;okc;30.710526315789473;2.0;3.0;19.0;12.842105263157896;2.9473684210526314;1.5526315789473684;0.3992723711479603;SG;1;SGokc1
263;Josh Hart;por;32.05;2.0;3.0;26.075;10.0;1.975;2.75;0.4032942731300948;SG;0;SGpor0
264;Josh Jackson;sac;17.4;1.0;2.0;24.057142857142857;6.3428571428571425;1.0;1.8857142857142857;0.08864268924194527;SG;0;SGsac0
265;Josh Jackson;sac;17.4;1.0;2.0;24.057142857142857;6.3428571428571425;1.0;1.8857142857142857;0.08864268924194527;SG;0;SGsac0
266;Josh Jackson;sac;17.4;1.0;2.0;24.057142857142857;6.3428571428571425;1.0;1.8857142857142857;0.08864268924194527;SG;0;SGsac0
267;Josh Okogie;min;12.4;2.0;2.0;23.0;2.28;0.52;1.44;0.06851879178341623;SF;0;SFmin0
268;Josh Richardson;sa;23.951219512195124;1.0;2.0;28.0;7.853658536585366;0.975609756097561;1.829268292682927;0.19745350174097817;SG;0;SGsa0
269;Joshua Primo;sa;17.636363636363637;1.0;2.0;18.818181818181817;5.363636363636363;1.1363636363636365;1.3636363636363635;0.10878679418440583;SG;0;SGsa0
270;Jrue Holiday;mil;33.45945945945946;2.0;3.0;31.0;14.216216216216216;2.810810810810811;2.108108108108108;0.5006582733107955;PG;0;PGmil0
271;Jrue Holiday;mil;33.45945945945946;2.0;3.0;31.0;14.216216216216216;2.810810810810811;2.108108108108108;0.5006582733107955;PG;0;PGmil0
272;Juan Toscano-Anderson;gs;13.466666666666667;3.0;0.0;28.0;3.3555555555555556;1.1111111111111112;1.5333333333333334;0.20725096453294908;SF;0;SFgs0
273;Juancho Hernangomez;utah;3.6666666666666665;3.0;2.0;26.0;0.6666666666666666;0.6666666666666666;0.3333333333333333;-0.04056437389770723;F;0;Futah0
274;Julius Randle;ny;35.30952380952381;2.0;4.0;26.738095238095237;17.88095238095238;3.5238095238095237;2.7857142857142856;0.43785512054178144;PF;1;PFny1
275;Justin Champagnie;tor;5.894736842105263;2.0;2.0;20.0;1.5263157894736843;0.15789473684210525;0.8421052631578947;0.2972310369369193;SF;0;SFtor0
276;Justin Holiday;sac;28.58695652173913;1.0;3.0;32.0;9.434782608695652;1.0217391304347827;2.260869565217391;0.09305092770825131;SF;0;SFsac0
277;Justin Holiday;sac;28.58695652173913;1.0;3.0;32.0;9.434782608695652;1.0217391304347827;2.260869565217391;0.09305092770825131;SF;0;SFsac0
278;Justin Jackson;pho;3.8;2.0;2.0;26.0;1.8;0.2;0.4;0.007539682539682513;F;0;Fpho0
279;Justin Jackson;pho;3.8;2.0;2.0;26.0;1.8;0.2;0.4;0.007539682539682513;F;0;Fpho0
280;Justin Jackson;pho;3.8;2.0;2.0;26.0;1.8;0.2;0.4;0.007539682539682513;F;0;Fpho0
281;Justise Winslow;por;14.225806451612904;2.0;0.0;25.0;4.419354838709677;0.9354838709677419;1.4516129032258065;0.35429382499842904;PF;0;PFpor0
282;Jusuf Nurkic;por;27.448979591836736;2.0;4.0;27.0;10.673469387755102;2.5918367346938775;3.4081632653061225;0.6332300413181436;C;1;Cpor1
283;KZ Okpala;;9.666666666666666;;2.0;22.0;3.1666666666666665;0.16666666666666666;0.8333333333333334;0.2199392256353573;;0;nannan0
284;Kai Jones;cha;2.5833333333333335;2.0;;20.416666666666668;0.75;0.4166666666666667;0.4166666666666667;0.06785714285714287;PF;0;PFcha0
285;Karl-Anthony Towns;min;33.340425531914896;2.0;4.0;25.78723404255319;16.361702127659573;2.9148936170212765;3.5106382978723403;0.6546884908216127;C;1;Cmin1
286;Keifer Sykes;ind;17.0;1.0;3.0;27.94736842105263;5.947368421052632;1.105263157894737;1.5789473684210527;0.008972391174715651;G;0;Gind0
287;Keita Bates-Diop;sa;14.433333333333334;1.0;0.0;25.266666666666666;4.133333333333334;0.7666666666666667;0.9666666666666667;0.34819092171795846;SF;0;SFsa0
288;Keldon Johnson;sa;31.2;1.0;4.0;22.0;13.044444444444444;1.1555555555555554;1.9333333333333333;0.3455585099071464;SF;0;SFsa0
289;Keljin Blevins;por;7.076923076923077;2.0;2.0;26.0;2.1538461538461537;0.38461538461538464;0.46153846153846156;-0.09589947089947091;SF;0;SFpor0
290;Kelly Olynyk;det;19.38888888888889;2.0;0.0;30.0;7.722222222222222;1.1666666666666667;2.2777777777777777;0.30630908562321146;PF;0;PFdet0
291;Kelly Oubre;cha;28.403846153846153;2.0;2.0;25.53846153846154;13.76923076923077;1.0384615384615385;2.5;0.1801000690125514;SG;0;SGcha0
292;Kenrich Williams;okc;20.945945945945947;2.0;0.0;26.594594594594593;6.081081081081081;0.9459459459459459;1.7837837837837838;0.30950869983667084;SF;0;SFokc0
293;Kent Bazemore;lal;13.76923076923077;1.0;2.0;32.0;3.5384615384615383;0.5769230769230769;1.7692307692307692;0.1424227345504896;SF;0;SFlal0
294;Kentavious Caldwell-Pope;wsh;29.510204081632654;1.0;3.0;28.122448979591837;10.183673469387756;1.2040816326530612;1.6938775510204083;0.22360429113044883;SG;1;SGwsh1
295;Kenyon Martin;hou;20.3;1.0;2.0;20.475;7.075;0.85;1.375;0.3803329917743135;F;0;Fhou0
296;Kevin Durant;bkn;37.32;2.0;4.0;33.0;20.2;3.32;2.04;0.708714041804972;PF;1;PFbkn1
297;Kevin Huerter;atl;29.155555555555555;2.0;3.0;23.0;10.311111111111112;1.2222222222222223;2.488888888888889;0.21226950699479905;SG;0;SGatl0
298;Kevin Knox;atl;6.761904761904762;2.0;0.0;22.0;2.619047619047619;0.2857142857142857;0.47619047619047616;-0.0016557611186767134;F;0;Fatl0
299;Kevin Love;cle;20.5;3.0;0.0;33.0;9.705882352941176;1.2647058823529411;1.2647058823529411;0.4849062285205896;PF;0;PFcle0
300;Kevin Porter;hou;29.82758620689655;1.0;3.0;21.0;12.379310344827585;2.7241379310344827;2.3448275862068964;0.2312728352303708;SG;1;SGhou1
301;Kevon Looney;gs;21.440677966101696;3.0;4.0;25.203389830508474;4.745762711864407;0.9152542372881356;2.7457627118644066;0.5029669646769229;C;1;Cgs1
302;Khem Birch;tor;18.757575757575758;2.0;0.0;29.0;3.787878787878788;0.6363636363636364;2.0303030303030303;0.3192289553570079;C;0;Ctor0
303;Khris Middleton;mil;31.977272727272727;2.0;3.0;30.0;15.295454545454545;2.977272727272727;2.3636363636363638;0.4327753159033421;SF;1;SFmil1
304;Killian Hayes;det;22.756756756756758;2.0;4.0;20.0;6.054054054054054;1.7837837837837838;2.5135135135135136;0.14522852156237556;PG;0;PGdet0
305;Killian Tillie;mem;12.607142857142858;2.0;2.0;23.071428571428573;3.642857142857143;0.39285714285714285;1.6428571428571428;-0.03661065977484942;SF;0;SFmem0
306;Kira Lewis;no;13.157894736842104;3.0;2.0;20.0;5.7368421052631575;1.0;0.631578947368421;0.187263113044363;PG;0;PGno0
307;Klay Thompson;gs;26.642857142857142;3.0;4.0;31.5;15.714285714285714;1.1428571428571428;1.2857142857142858;0.33716341355390467;SG;1;SGgs1
308;Kristaps Porzingis;wsh;28.653846153846153;1.0;2.0;26.0;14.461538461538462;1.5;2.769230769230769;0.5008770654467297;C;1;Cwsh1
309;Kyle Anderson;mem;21.083333333333332;2.0;2.0;28.0;6.388888888888889;0.8611111111111112;1.4166666666666667;0.41377880052772115;SF;0;SFmem0
310;Kyle Guy;mia;11.0;3.0;2.0;24.0;3.9285714285714284;0.7857142857142857;0.8571428571428571;-0.035372097688180115;SG;0;SGmia0
311;Kyle Kuzma;wsh;33.52;1.0;3.0;26.0;14.44;2.5;1.84;0.40331185211036563;SF;1;SFwsh1
312;Kyle Lowry;mia;34.41860465116279;3.0;3.0;35.0;10.465116279069768;2.953488372093023;2.883720930232558;0.322689468691756;PG;1;PGmia1
313;Kyrie Irving;bkn;35.75;2.0;3.0;29.0;20.1875;2.3125;2.625;0.48583334598777744;PG;1;PGbkn1
314;LaMarcus Aldridge;bkn;18.428571428571427;2.0;2.0;36.0;8.714285714285714;0.7142857142857143;2.0;0.5753400928694307;C;0;Cbkn0
315;LaMelo Ball;cha;31.46808510638298;2.0;3.0;20.0;16.893617021276597;3.234042553191489;3.234042553191489;0.45205889298846097;PG;1;PGcha1
316;Lamar Stevens;cle;7.75;3.0;0.0;24.0;2.0;0.0;1.5;0.06950554372595641;F;0;Fcle0
317;Landry Shamet;pho;20.0;2.0;2.0;24.0;6.5;0.5;1.2941176470588236;0.10336419757515757;SG;0;SGpho0
318;Langston Galloway;mil;14.0;2.0;2.0;30.0;3.8;0.8;1.2;-0.0497058497058497;SG;0;SGmil0
319;Larry Nance;no;22.043478260869566;3.0;2.0;28.043478260869566;5.608695652173913;0.6956521739130435;1.4782608695652173;0.4044289357087558;PF;0;PFno0
320;Lauri Markkanen;cle;29.5;3.0;4.0;24.0;11.2;0.8333333333333334;1.8666666666666667;0.2972818168413784;PF;1;PFcle1
321;LeBron James;lal;36.333333333333336;1.0;3.0;36.47222222222222;21.916666666666668;3.3055555555555554;2.3055555555555554;0.6770371322123016;SF;1;SFlal1
322;Lonnie Walker;sa;22.282608695652176;1.0;2.0;22.565217391304348;10.978260869565217;1.0217391304347827;1.3478260869565217;0.18071319520452112;SG;0;SGsa0
323;Lonzo Ball;chi;34.130434782608695;2.0;3.0;23.91304347826087;11.173913043478262;2.391304347826087;2.347826086956522;0.3059200379696367;PG;1;PGchi1
324;Lou Williams;atl;14.31578947368421;2.0;0.0;34.973684210526315;6.105263157894737;0.7894736842105263;1.0263157894736843;0.27124235620057907;SG;0;SGatl0
325;Luguentz Dort;okc;31.952380952380953;2.0;4.0;22.0;14.0;1.6904761904761905;2.9047619047619047;0.16043467179430837;SF;1;SFokc1
326;Luka Doncic;dal;35.19444444444444;3.0;3.0;22.083333333333332;22.11111111111111;4.555555555555555;2.4444444444444446;0.6076064260020796;PG;1;PGdal1
327;Luka Garza;det;11.37037037037037;2.0;2.0;22.333333333333332;4.222222222222222;0.5925925925925926;1.6666666666666667;0.39336383659913055;C;0;Cdet0
328;Luke Kennard;lac;26.8125;2.0;2.0;25.0;9.125;0.9583333333333334;1.4166666666666667;0.249929924840965;SG;0;SGlac0
329;Luke Kornet;bos;4.428571428571429;3.0;0.0;26.0;1.2857142857142858;0.0;0.42857142857142855;0.14285714285714282;F;0;Fbos0
330;Malachi Flynn;tor;10.8;2.0;0.0;23.0;3.96;0.24;1.08;0.14900634593233286;PG;0;PGtor0
331;Malcolm Brogdon;ind;33.44444444444444;1.0;3.0;28.40740740740741;15.407407407407407;2.0;1.8518518518518519;0.4459354955888201;PG;1;PGind1
332;Malik Beasley;min;24.857142857142858;2.0;2.0;24.732142857142858;11.392857142857142;0.5714285714285714;1.1428571428571428;0.13326925223753425;SG;0;SGmin0
333;Malik Monk;lal;26.755102040816325;1.0;4.0;23.224489795918366;10.224489795918368;1.346938775510204;1.816326530612245;0.24676093716002553;SG;0;SGlal0
334;Mamadi Diakite;;12.875;;2.0;24.625;3.375;0.5;2.125;0.3170318746110601;;0;nannan0
335;Marcus Garrett;mia;12.5;3.0;2.0;22.875;2.25;0.25;1.625;0.15713507983244826;SG;0;SGmia0
336;Marcus Smart;bos;32.2;3.0;3.0;27.075;9.875;1.975;2.275;0.2928599797054611;PG;1;PGbos1
337;Markelle Fultz;orl;18.0;2.0;1.0;23.0;9.0;1.0;2.0;0.6669851098334071;PG;0;PGorl0
338;Marquese Chriss;dal;10.941176470588236;3.0;0.0;24.0;4.0;0.6470588235294118;2.176470588235294;0.29522554739946033;SF;0;SFdal0
339;Marvin BagleyI;det;22.142857142857142;2.0;2.0;22.0;8.619047619047619;0.5714285714285714;1.6666666666666667;0.407490143400972;PF;0;PFdet0
340;Mason Plumlee;cha;24.88679245283019;2.0;4.0;31.07547169811321;4.547169811320755;1.2830188679245282;3.2264150943396226;0.4637018793540184;C;1;Ccha1
341;Matisse Thybulle;phi;26.026315789473685;2.0;4.0;24.07894736842105;4.7894736842105265;0.631578947368421;2.263157894736842;0.16773875532023916;SG;0;SGphi0
342;Maurice Harkless;sac;19.096774193548388;1.0;3.0;28.0;3.967741935483871;0.5806451612903226;1.4516129032258065;0.08689199621788161;SF;0;SFsac0
343;Max Strus;mia;22.80952380952381;3.0;2.0;25.0;9.047619047619047;0.7619047619047619;1.6666666666666667;0.16105488876347268;SG;0;SGmia0
344;Maxi Kleber;dal;25.366666666666667;3.0;2.0;29.266666666666666;6.0;0.6666666666666666;2.033333333333333;0.2434313841912088;PF;0;PFdal0
345;Michael Porter;den;25.0;2.0;4.0;23.0;10.0;1.2;2.0;0.14246457399192178;SF;1;SFden1
346;Mikal Bridges;pho;34.244897959183675;2.0;3.0;25.0;10.122448979591837;0.8775510204081632;1.8775510204081634;0.3384897265647538;SF;1;SFpho1
347;Mikal Bridges;pho;34.244897959183675;2.0;3.0;25.0;10.122448979591837;0.8775510204081632;1.8775510204081634;0.3384897265647538;SF;1;SFpho1
348;Mike Conley;utah;27.88372093023256;3.0;3.0;34.0;11.046511627906977;1.813953488372093;1.813953488372093;0.33448408758956744;PG;1;PGutah1
349;Mike Muscala;okc;12.827586206896552;2.0;0.0;30.0;5.827586206896552;0.3448275862068966;1.2413793103448276;0.4269539547979323;C;0;Cokc0
350;Miles Bridges;cha;34.244897959183675;2.0;;25.0;10.122448979591837;0.8775510204081632;1.8775510204081634;0.3384897265647538;SF;1;SFcha1
351;Miles Bridges;cha;34.244897959183675;2.0;;25.0;10.122448979591837;0.8775510204081632;1.8775510204081634;0.3384897265647538;SF;1;SFcha1
352;Miles McBride;ny;8.833333333333334;2.0;2.0;21.0;2.75;0.16666666666666666;1.5833333333333333;-0.16238328664799256;PG;0;PGny0
353;Mitchell Robinson;ny;25.346153846153847;2.0;2.0;23.0;4.865384615384615;0.8846153846153846;2.8461538461538463;0.5147873884689023;C;0;Cny0
354;Mitchell Robinson;ny;25.346153846153847;2.0;2.0;23.0;4.865384615384615;0.8846153846153846;2.8461538461538463;0.5147873884689023;C;0;Cny0
355;Miye Oni;no;2.4615384615384617;3.0;2.0;24.0;0.5384615384615384;0.07692307692307693;0.46153846153846156;-0.3233333333333333;SG;0;SGno0
356;Mo Bamba;orl;24.959183673469386;2.0;2.0;23.0;8.428571428571429;1.1224489795918366;2.673469387755102;0.40690516832677087;C;0;Corl0
357;Monte Morris;den;29.717391304347824;2.0;3.0;26.0;11.065217391304348;1.2826086956521738;1.2391304347826086;0.3635675313710713;PG;0;PGden0
358;Monte Morris;den;29.717391304347824;2.0;3.0;26.0;11.065217391304348;1.2826086956521738;1.2391304347826086;0.3635675313710713;PG;0;PGden0
359;Montrezl Harrell;cha;23.333333333333332;2.0;0.0;27.261904761904763;8.547619047619047;1.0476190476190477;1.8333333333333333;0.6788420888709324;C;0;Ccha0
360;Moritz Wagner;orl;13.392857142857142;2.0;0.0;24.0;5.821428571428571;0.8214285714285714;1.8214285714285714;0.4191001291269666;C;0;Corl0
361;Moses Brown;cle;5.555555555555555;3.0;0.0;22.0;1.8888888888888888;0.3888888888888889;1.1666666666666667;0.46193528693528685;C;0;Ccle0
362;Moses Brown;cle;5.555555555555555;3.0;0.0;22.0;1.8888888888888888;0.3888888888888889;1.1666666666666667;0.46193528693528685;C;0;Ccle0
363;Moses Moody;gs;11.242424242424242;3.0;0.0;19.0;3.6666666666666665;0.2727272727272727;0.7878787878787878;0.09258790358106873;SG;0;SGgs0
364;Mychal Mulder;orl;11.384615384615385;2.0;2.0;27.0;4.153846153846154;0.5384615384615384;0.6923076923076923;-0.2334846333909302;G;0;Gorl0
365;Myles Turner;ind;29.085714285714285;1.0;2.0;25.0;9.6;1.3428571428571427;3.0;0.4037454950768068;C;1;Cind1
366;Naji Marshall;no;12.047619047619047;3.0;0.0;23.333333333333332;5.190476190476191;0.9523809523809523;1.0476190476190477;0.14373388806190268;SF;0;SFno0
367;Nassir Little;por;24.48148148148148;2.0;4.0;21.0;7.111111111111111;0.9629629629629629;1.7777777777777777;0.28743817778853736;SF;0;SFpor0
368;Nate Hinton;;1.0;;;22.0;1.0;1.0;0.0;-2.0;;0;nannan0
369;Nathan Knight;min;3.2857142857142856;2.0;0.0;24.0;1.7142857142857142;0.2857142857142857;0.14285714285714285;0.5794711815278316;F;0;Fmin0
370;Naz Reid;min;15.232558139534884;2.0;0.0;22.0;6.232558139534884;0.8372093023255814;2.0930232558139537;0.3774556991414303;C;0;Cmin0
371;Neemias Queta;sac;3.5714285714285716;1.0;0.0;22.0;2.2857142857142856;0.2857142857142857;1.0;0.3326719576719577;C;0;Csac0
372;Nemanja Bjelica;gs;14.742857142857142;3.0;2.0;33.0;4.9714285714285715;1.1142857142857143;1.8285714285714285;0.3085055904720058;PF;0;PFgs0
373;Nerlens Noel;ny;23.35;2.0;2.0;27.0;2.55;0.95;3.0;0.3227958332825516;C;0;Cny0
374;Nick Richards;cha;7.9375;2.0;2.0;23.625;2.03125;0.4375;1.09375;0.3999091025253813;C;0;Ccha0
375;Nickeil Alexander-Walker;utah;23.681818181818183;3.0;2.0;23.0;11.25;1.4772727272727273;1.7045454545454546;0.14370165506364524;SG;0;SGutah0
376;Nicolas Batum;lac;24.5;2.0;4.0;32.7;7.2;0.5;1.3666666666666667;0.2810839351342009;PF;0;PFlac0
377;Nicolas Claxton;;19.363636363636363;;0.0;22.0;5.2727272727272725;0.7272727272727273;2.227272727272727;0.4354713437374384;;0;nannan0
378;Nikola Jokic;den;32.75471698113208;2.0;4.0;26.09433962264151;17.79245283018868;3.943396226415094;2.5660377358490565;1.0078872900164346;C;1;Cden1
379;Nikola Vucevic;chi;32.94;2.0;4.0;30.94;16.1;1.98;2.58;0.5506485163040021;C;1;Cchi1
380;Norman Powell;lac;32.111111111111114;2.0;4.0;28.0;13.0;1.6666666666666667;2.4814814814814814;0.32776659908332856;SF;0;SFlac0
381;OG Anunoby;tor;35.97222222222222;2.0;0.0;24.0;14.75;1.9444444444444444;2.9722222222222223;0.25467994522050225;SF;1;SFtor1
382;Obi Toppin;ny;14.833333333333334;2.0;2.0;23.0;6.1;0.8;1.3666666666666667;0.3477431956223285;PF;0;PFny0
383;Omer Yurtseven;mia;12.542857142857143;3.0;0.0;23.0;4.314285714285714;0.8857142857142857;1.8;0.7541851303808292;C;0;Cmia0
384;Onyeka Okongwu;atl;21.434782608695652;2.0;2.0;21.0;4.782608695652174;1.0;3.0;0.5166623558167677;PF;0;PFatl0
385;Oshae Brissett;ind;22.475;1.0;4.0;23.0;6.825;0.775;1.525;0.2331056547794438;SF;0;SFind0
386;Otto Porter;gs;20.457142857142856;3.0;4.0;28.0;6.371428571428571;0.5428571428571428;1.3428571428571427;0.4082831501714846;SF;0;SFgs0
387;PJ Dozier;;17.866666666666667;;0.0;24.866666666666667;4.933333333333334;0.6;1.8666666666666667;0.1782410457229298;;0;nannan0
388;PJ Tucker;mia;28.674418604651162;3.0;4.0;36.0;6.5813953488372094;1.069767441860465;2.3488372093023258;0.2817796397464263;PF;0;PFmia0
389;PJ Washington;cha;26.0625;2.0;2.0;23.0;8.1875;1.03125;2.5;0.28999015842059234;PF;0;PFcha0
390;Pascal Siakam;tor;36.82857142857143;2.0;1.0;27.0;17.542857142857144;2.6285714285714286;3.4285714285714284;0.4961208296893263;PF;1;PFtor1
391;Pat Connaughton;mil;26.641025641025642;2.0;4.0;28.28205128205128;8.0;0.5897435897435898;1.4102564102564104;0.26473298359578534;SG;0;SGmil0
392;Patrick Beverley;min;24.86111111111111;2.0;4.0;33.0;7.722222222222222;1.3888888888888888;3.25;0.30260812825204947;PG;0;PGmin0
393;Patrick Williams;chi;16.0;2.0;4.0;20.0;5.0;0.0;1.0;0.2329343185550082;PF;1;PFchi1
394;Patty Mills;bkn;10.588235294117647;2.0;2.0;36.294117647058826;3.2941176470588234;0.7647058823529411;2.0;0.27274744685610564;PG;0;PGbkn0
395;Paul George;lac;34.9375;2.0;3.0;31.0;22.1875;3.8125;2.375;0.4181021514032413;SG;1;SGlac1
396;Paul Millsap;phi;10.105263157894736;2.0;0.0;36.21052631578947;2.6842105263157894;0.7368421052631579;1.9473684210526316;0.27274744685610564;PF;0;PFphi0
397;Paul Reed;phi;6.95;2.0;2.0;22.0;2.35;0.25;1.25;0.3721893631938611;SF;0;SFphi0
398;Payton Pritchard;bos;11.46875;3.0;0.0;23.375;4.15625;0.65625;0.90625;0.05024508331120448;PG;0;PGbos0
399;Precious Achiuwa;tor;23.5;2.0;0.0;22.0;10.75;0.5;1.25;0.3517008922086083;PF;0;PFtor0
400;Quentin Grimes;ny;19.3125;2.0;1.0;21.0;6.15625;0.75;1.71875;0.05184352436393835;SG;0;SGny0
401;RJ Barrett;ny;33.19565217391305;2.0;;21.0;16.217391304347824;1.9565217391304348;2.1739130434782608;0.28176564056090336;SG;1;SGny1
402;RJ Nembhard;cle;4.375;3.0;1.0;22.0;1.375;0.25;0.125;0.5988095238095239;SG;0;SGcle0
403;Rajon Rondo;cle;16.263157894736842;3.0;0.0;35.10526315789474;4.473684210526316;2.0526315789473686;1.4210526315789473;0.2553728318137412;PG;0;PGcle0
404;Raul Neto;wsh;21.142857142857142;1.0;4.0;29.0;7.2;0.9714285714285714;1.5142857142857142;0.24282076298502814;PG;0;PGwsh0
405;Reggie Bullock;dal;25.951219512195124;3.0;2.0;30.0;7.2439024390243905;0.5853658536585366;1.3902439024390243;0.11726092996161167;SF;0;SFdal0
406;Reggie Jackson;lac;30.685185185185187;2.0;3.0;31.0;16.5;2.3703703703703702;2.1481481481481484;0.2108146648999979;PG;1;PGlac1
407;Reggie Jackson;lac;30.685185185185187;2.0;3.0;31.0;16.5;2.3703703703703702;2.1481481481481484;0.2108146648999979;PG;1;PGlac1
408;Reggie Jackson;lac;30.685185185185187;2.0;3.0;31.0;16.5;2.3703703703703702;2.1481481481481484;0.2108146648999979;PG;1;PGlac1
409;Reggie Perry;;26.0;;;21.0;6.0;1.0;2.0;0.12454212454212454;;0;nannan0
410;Richaun Holmes;sac;23.973684210526315;1.0;2.0;28.0;6.815789473684211;1.2105263157894737;3.026315789473684;0.5120723467159215;C;0;Csac0
411;Ricky Rubio;ind;31.5;1.0;1.0;31.0;17.0;0.5;2.0;0.3220878345559346;PG;0;PGind0
412;Robert Covington;lac;27.823529411764707;2.0;4.0;30.529411764705884;7.235294117647059;1.1470588235294117;2.7058823529411766;0.22793404540499834;PF;0;PFlac0
413;Robert WilliamsI;bos;29.680851063829788;3.0;2.0;24.0;5.872340425531915;1.0638297872340425;2.3404255319148937;0.6521486136851395;C;1;Cbos1
414;Robert Woodard;sa;3.5;1.0;2.0;22.0;1.5;0.1;0.3;-0.04464285714285714;SF;0;SFsa0
415;Robin Lopez;orl;17.0;2.0;2.0;33.0;5.35;1.25;1.95;0.4110545352191277;C;0;Corl0
416;Rodney Hood;lac;13.048780487804878;2.0;0.0;29.0;3.1219512195121952;0.17073170731707318;0.5853658536585366;0.09567113087876314;SG;0;SGlac0
417;Rodney McGruder;det;12.96774193548387;2.0;2.0;30.0;3.967741935483871;0.25806451612903225;0.8387096774193549;0.1722092726040669;G;0;Gdet0
418;Romeo Langford;sa;15.11111111111111;1.0;2.0;21.944444444444443;4.0;0.2777777777777778;0.8611111111111112;0.21124998897251052;SG;0;SGsa0
419;Royce ONeale;utah;30.91176470588235;3.0;4.0;28.0;6.0588235294117645;0.9705882352941176;2.2058823529411766;0.27320695963052144;PF;1;PFutah1
420;Rudy Gay;utah;17.724137931034484;3.0;0.0;35.0;7.0344827586206895;0.9655172413793104;1.7586206896551724;0.2389645130782316;SF;0;SFutah0
421;Rudy Gobert;utah;31.608695652173914;3.0;4.0;29.0;8.0;1.8695652173913044;2.8043478260869565;0.8114808454634358;C;1;Cutah1
422;Rui Hachimura;wsh;19.22222222222222;1.0;0.0;23.555555555555557;7.666666666666667;0.8333333333333334;1.5;0.3618506492577441;PF;0;PFwsh0
423;Russell Westbrook;lal;33.98076923076923;1.0;3.0;32.84615384615385;15.634615384615385;3.673076923076923;3.1346153846153846;0.4033667488670845;PG;1;PGlal1
424;Saben Lee;det;13.666666666666666;2.0;2.0;22.0;4.055555555555555;0.8333333333333334;1.0;0.29005767097845675;PG;0;PGdet0
425;Saddiq Bey;det;32.75925925925926;2.0;4.0;22.0;13.61111111111111;1.2037037037037037;1.5740740740740742;0.25087337380083996;SF;1;SFdet1
426;Sam Hauser;bos;3.8;3.0;2.0;23.8;1.5;0.0;0.2;0.20777777777777778;SF;0;SFbos0
427;Sam Merrill;;9.4;;0.0;25.0;4.4;0.4;0.4;-0.04861111111111111;;0;nannan0
428;Sandro Mamukelashvili;mil;8.535714285714286;2.0;2.0;22.0;2.4642857142857144;0.32142857142857145;0.6428571428571429;0.40818195965254794;PF;0;PFmil0
429;Santi Aldama;mem;11.125;2.0;0.0;20.0625;4.1875;0.25;1.0625;0.00582848524024994;PF;0;PFmem0
430;Scottie Barnes;tor;35.0;2.0;3.0;20.0;12.294117647058824;1.9411764705882353;2.627450980392157;0.4138727428364261;SF;1;SFtor1
431;Scottie Barnes;tor;35.0;2.0;3.0;20.0;12.294117647058824;1.9411764705882353;2.627450980392157;0.4138727428364261;SF;1;SFtor1
432;Sekou Doumbouya;;8.0;;0.0;20.0;4.0;1.0;0.5;1.0625;;0;nannan0
433;Semi Ojeleye;lac;13.0;2.0;2.0;26.63157894736842;2.8947368421052633;0.3157894736842105;1.3157894736842106;0.10389397677202374;PF;0;PFlac0
434;Serge Ibaka;mil;14.5;2.0;2.0;32.0;4.607142857142857;0.6785714285714286;1.7142857142857142;0.313706559023256;C;0;Cmil0
435;Seth Curry;bkn;33.145833333333336;2.0;4.0;31.0;11.458333333333334;1.75;2.1875;0.283315459884749;SG;1;SGbkn1
436;Seth Curry;bkn;33.145833333333336;2.0;4.0;31.0;11.458333333333334;1.75;2.1875;0.283315459884749;SG;1;SGbkn1
437;Shai Gilgeous-Alexander;okc;33.90909090909091;2.0;3.0;23.0;18.545454545454547;2.515151515151515;2.121212121212121;0.4535696418185968;PG;1;PGokc1
438;Shake Milton;phi;22.032258064516128;2.0;2.0;25.0;8.290322580645162;1.032258064516129;1.8064516129032258;0.23569808480902224;SG;0;SGphi0
439;Shaquille Harrison;mem;1.0;2.0;4.0;28.0;0.0;0.0;0.0;0.047619047619047616;G;0;Gmem0
440;Sharife Cooper;atl;2.75;2.0;2.0;20.0;1.5;0.5;0.0;0.2166666666666667;PG;0;PGatl0
441;Skylar Mays;atl;7.863636363636363;2.0;4.0;24.0;2.272727272727273;0.45454545454545453;0.3181818181818182;0.23465413943355118;SG;0;SGatl0
442;Solomon Hill;;9.0;;2.0;30.0;1.4285714285714286;0.0;0.7142857142857143;0.0005097466635928249;;0;nannan0
443;Spencer Dinwiddie;dal;29.473684210526315;3.0;3.0;28.0;11.157894736842104;1.605263157894737;2.526315789473684;0.3006305115380166;PG;0;PGdal0
444;Stephen Curry;gs;34.82;3.0;3.0;33.0;19.72;3.44;2.04;0.43661537546979673;PG;1;PGgs1
445;Stephen Curry;gs;34.82;3.0;3.0;33.0;19.72;3.44;2.04;0.43661537546979673;PG;1;PGgs1
446;Sterling Brown;dal;12.96;3.0;0.0;26.16;3.08;0.56;0.92;0.14402084883221022;SF;0;SFdal0
447;Sterling Brown;dal;12.96;3.0;0.0;26.16;3.08;0.56;0.92;0.14402084883221022;SF;0;SFdal0
448;Steven Adams;mem;26.224137931034484;2.0;4.0;28.0;5.293103448275862;1.5344827586206897;1.9655172413793103;0.5620969580252053;C;1;Cmem1
449;Svi Mykhailiuk;tor;13.487804878048781;2.0;2.0;24.0;4.414634146341464;0.4634146341463415;0.9024390243902439;-0.014633482496961324;SG;0;SGtor0
450;T.J. McConnell;ind;24.705882352941178;1.0;4.0;29.0;7.705882352941177;1.1764705882352942;1.7647058823529411;0.4113792603431812;PG;0;PGind0
451;Tacko Fall;;6.857142857142857;;2.0;25.428571428571427;1.7142857142857142;0.42857142857142855;0.42857142857142855;0.18713716108452946;;0;nannan0
452;Taj Gibson;ny;16.714285714285715;2.0;0.0;36.0;2.75;0.5714285714285714;2.642857142857143;0.24586153180511777;C;0;Cny0
453;Talen Horton-Tucker;lal;25.473684210526315;1.0;4.0;20.86842105263158;8.81578947368421;1.4210526315789473;2.6052631578947367;0.18641060702915643;SG;0;SGlal0
454;Terance Mann;lac;28.362068965517242;2.0;4.0;25.0;8.551724137931034;1.0344827586206897;2.206896551724138;0.3144910764203368;SG;0;SGlac0
455;Terence Davis;sac;17.88888888888889;1.0;3.0;24.0;9.0;1.1111111111111112;2.3703703703703702;0.1169949429164493;SG;0;SGsac0
456;Terrence Ross;orl;22.454545454545453;2.0;2.0;30.227272727272727;8.681818181818182;1.2727272727272727;1.0909090909090908;0.14900912243759265;SG;0;SGorl0
457;Terry Rozier;cha;33.84090909090909;2.0;3.0;27.0;16.318181818181817;1.3181818181818181;1.6136363636363635;0.3562672468252081;SG;1;SGcha1
458;Terry Taylor;ind;17.266666666666666;1.0;2.0;22.0;6.533333333333333;0.5333333333333333;2.066666666666667;0.5314672166937207;SG;0;SGind0
459;Thaddeus Young;tor;14.64;2.0;0.0;33.0;4.6;1.08;1.6;0.4775408147833778;PF;0;PFtor0
460;Thanasis Antetokounmpo;mil;10.518518518518519;2.0;2.0;29.0;2.5555555555555554;0.6666666666666666;1.962962962962963;0.22857885342612175;SF;0;SFmil0
461;Theo Maledon;okc;14.210526315789474;2.0;2.0;20.0;5.105263157894737;0.8947368421052632;1.105263157894737;0.08454644275641049;PG;0;PGokc0
462;Thomas Bryant;wsh;17.0;1.0;4.0;24.0;6.1;0.7;1.9;0.4307517829853079;C;0;Cwsh0
463;Tim Hardaway;dal;28.363636363636363;3.0;2.0;29.0;12.151515151515152;0.7272727272727273;1.6363636363636365;0.1912817454858471;SF;0;SFdal0
464;Timothe Luwawu-Cabarrot;atl;10.333333333333334;2.0;2.0;26.0;3.1;0.3;1.2666666666666666;0.28213092222475666;SG;0;SGatl0
465;Tobias Harris;phi;34.35294117647059;2.0;4.0;29.0;14.352941176470589;1.7647058823529411;2.0294117647058822;0.439993704911135;PF;1;PFphi1
466;Tomas Satoransky;wsh;14.64516129032258;1.0;0.0;29.93548387096774;3.2580645161290325;0.7419354838709677;1.0;0.21042746092519857;SG;0;SGwsh0
467;Tony Bradley;chi;10.09375;2.0;0.0;23.5;2.1875;0.5625;1.46875;0.4996912249565021;C;0;Cchi0
468;Tony Snell;no;15.030303030303031;3.0;2.0;29.87878787878788;3.212121212121212;0.42424242424242425;1.303030303030303;0.02621884176905042;SF;0;SFno0
469;Torrey Craig;pho;20.41025641025641;2.0;0.0;30.58974358974359;5.743589743589744;0.9743589743589743;1.9743589743589745;0.13785770002053102;SF;0;SFpho0
470;Trae Young;atl;33.733333333333334;2.0;3.0;23.0;19.822222222222223;4.111111111111111;1.6666666666666667;0.5836833244380768;PG;1;PGatl1
471;Tre Jones;sa;15.419354838709678;1.0;2.0;21.419354838709676;4.548387096774194;0.7419354838709677;1.2903225806451613;0.3823522473748399;PG;0;PGsa0
472;Tre Mann;okc;20.666666666666668;2.0;4.0;20.305555555555557;8.75;0.9722222222222222;1.6666666666666667;0.1026797146073859;PG;0;PGokc0
473;Trendon Watford;por;14.375;2.0;2.0;21.0;4.041666666666667;0.9583333333333334;2.125;0.41549391149681897;PF;0;PFpor0
474;Trent Forrest;utah;12.458333333333334;3.0;2.0;23.0;2.5833333333333335;0.8541666666666666;0.7291666666666666;0.28342449301771605;SG;0;SGutah0
475;Trevor Ariza;lal;17.53846153846154;1.0;0.0;36.0;3.3846153846153846;0.5384615384615384;0.6153846153846154;0.12441712393161876;SF;0;SFlal0
476;Trey Burke;dal;11.5625;3.0;0.0;28.8125;5.9375;0.875;0.9375;0.05094799924631855;PG;0;PGdal0
477;Trey Lyles;sac;18.289473684210527;1.0;2.0;25.92105263157895;7.131578947368421;1.0263157894736843;1.9736842105263157;0.3625078190300682;PF;0;PFsac0
478;Tristan Thompson;chi;17.107142857142858;2.0;0.0;30.0;5.535714285714286;0.8214285714285714;2.0357142857142856;0.37951830577762874;C;0;Cchi0
479;Troy Brown;chi;17.5;2.0;0.0;22.0;4.0;0.4722222222222222;1.1388888888888888;0.23972211375068556;SF;0;SFchi0
480;Troy Brown;chi;17.5;2.0;0.0;22.0;4.0;0.4722222222222222;1.1388888888888888;0.23972211375068556;SF;0;SFchi0
481;Ty Jerome;okc;15.68421052631579;2.0;2.0;24.0;6.842105263157895;0.7631578947368421;1.5526315789473684;0.09911261482468921;SG;0;SGokc0
482;Tyler Cook;chi;5.666666666666667;2.0;0.0;24.0;1.6666666666666667;0.3333333333333333;0.6666666666666666;0.3568494955337061;F;0;Fchi0
483;Tyler Herro;mia;32.94117647058823;3.0;0.0;21.38235294117647;18.0;2.676470588235294;1.6470588235294117;0.38021591551983436;PG;0;PGmia0
484;Tyler Johnson;;15.25;;;29.0;4.0;0.0;0.75;0.1275252525252525;;0;nannan0
485;Tyrese Haliburton;ind;34.94;1.0;3.0;21.1;11.98;2.62;1.48;0.4461645914620184;PG;1;PGind1
486;Tyrese Maxey;phi;35.34090909090909;2.0;3.0;20.90909090909091;13.318181818181818;1.25;1.9772727272727273;0.38450370580856214;PG;1;PGphi1
487;Tyus Jones;mem;21.10810810810811;2.0;2.0;25.0;7.648648648648648;0.5945945945945946;0.5675675675675675;0.4172833554503316;PG;0;PGmem0
488;Udoka Azubuike;utah;12.8;3.0;4.0;22.0;3.0;0.9;1.9;0.6051519875299434;C;0;Cutah0
489;Udonis Haslem;mia;5.666666666666667;3.0;0.0;41.0;2.0;0.5;0.6666666666666666;0.2504088504088504;PF;0;PFmia0
490;Usman Garuba;hou;7.181818181818182;1.0;0.0;19.0;1.9090909090909092;0.18181818181818182;0.6363636363636364;0.28220043572984743;PF;0;PFhou0
491;Vernon Carey;wsh;4.666666666666667;1.0;0.0;20.0;1.6666666666666667;0.3333333333333333;0.3333333333333333;0.3863636363636364;C;0;Cwsh0
492;Victor Oladipo;mia;15.666666666666666;3.0;;29.0;6.0;0.3333333333333333;1.0;0.32142857142857145;SG;0;SGmia0
493;Vit Krejci;okc;15.75;2.0;0.0;21.0;3.0;0.5;0.5;0.07590787313110361;G;0;Gokc0
494;Vlatko Cancar;den;10.583333333333334;2.0;0.0;24.0;3.0;0.5833333333333334;0.9166666666666666;0.3707707445019475;SF;0;SFden0
495;Wayne Ellington;lal;16.93103448275862;1.0;4.0;33.58620689655172;4.827586206896552;0.3793103448275862;0.9310344827586207;0.11783229206336324;SG;0;SGlal0
496;Wendell Carter;orl;29.46938775510204;2.0;4.0;22.0;10.775510204081632;1.7755102040816326;2.7142857142857144;0.535145735892681;C;1;Corl1
497;Wenyen Gabriel;lal;5.714285714285714;1.0;2.0;24.0;2.142857142857143;0.2857142857142857;1.8571428571428572;0.10062271062271064;F;0;Flal0
498;Wes Iwundu;;27.0;;0.0;27.0;6.0;0.3333333333333333;2.6666666666666665;0.21428571428571427;;0;nannan0
499;Wesley Matthews;mil;19.703703703703702;2.0;4.0;35.0;4.62962962962963;0.37037037037037035;2.037037037037037;-0.016402920257803946;SG;0;SGmil0
500;Will Barton;den;30.5;2.0;4.0;30.475;12.65;1.7;1.55;0.3119472903772352;SF;1;SFden1
501;Willie Cauley-Stein;;8.4375;;2.0;28.0;1.875;0.4375;1.0;0.23603632478632483;;0;nannan0
502;Willy Hernangomez;no;17.444444444444443;3.0;2.0;27.0;6.962962962962963;1.037037037037037;2.111111111111111;0.7065961111933098;C;0;Cno0
503;Xavier Tillman;mem;12.310344827586206;2.0;2.0;22.275862068965516;3.9310344827586206;0.6896551724137931;1.2758620689655173;0.35597327235610104;C;0;Cmem0
504;Yuta Watanabe;tor;8.833333333333334;2.0;2.0;27.0;2.5;0.2777777777777778;0.7777777777777778;0.49709369042148943;SF;0;SFtor0
505;Zach Collins;sa;15.272727272727273;1.0;2.0;24.0;3.5454545454545454;1.7272727272727273;2.4545454545454546;0.42014874438304334;PF;0;PFsa0
506;Zach LaVine;chi;34.2;2.0;3.0;26.0;18.11111111111111;2.7555555555555555;1.8;0.4495014373749615;SG;1;SGchi1
507;Zeke Nnaji;den;16.92;2.0;2.0;20.48;4.52;0.68;1.88;0.3088829794062866;PF;0;PFden0
